<?xml version="1.0" encoding="UTF-8"?>
<lint>
    <!-- Generated by `./gradlew refreshVersions` to avoid errors when using _ as a version. -->
    <issue id="GradlePluginVersion" severity="ignore" />
    <issue id="GradleDependency" severity="ignore" />
    <issue id="IconLocation" severity="ignore" />
    <issue id="InvalidPackage" severity="ignore" />
    <issue id="ObsoleteLintCustomCheck" severity="ignore" />
    <issue id="UseCompoundDrawables" severity="ignore" />
    <issue id="VectorPath" severity="ignore" />
    <issue id="VectorRaster" severity="ignore" />
</lint>