[
   [
      {
         "key":"firstname",
         "type":"text",
         "contentType":"firstName"
      },
      {
         "key":"lastname",
         "type":"text",
         "contentType":"lastName"
      },
      {
         "key":"dob",
         "type":"date"
      },
      {
         "key":"cityofbirth",
         "type":"text"
      }
   ],
   [
      {
         "key":"address",
         "type":"text",
         "contentType": "addressLine1"
      },
      {
         "key":"zip",
         "type":"text",
         "contentType": "addressPostalCode"
      },
      {
         "key":"city",
         "type":"text",
         "contentType": "addressCity"
      },
      {
         "key":"country",
         "type":"text",
         "contentType": "addressCountry",
         "defaultValue": "France"
      }
   ],
   [
      {
         "key":"datetime",
         "type":"datetime"
      },
      {
         "key":"reason_curfew",
         "dataKey": "reason",
         "type":"list",
         "items":[
            {
               "code":"reason_curfew.travail"
            },
            {
               "code":"reason_curfew.sante"
            },
            {
               "code":"reason_curfew.famille"
            },
            {
               "code":"reason_curfew.convocation_demarches"
            },
            {
               "code":"reason_curfew.transit"
            },
            {
	            "code":"reason_curfew.animaux"
            }
         ]
      },
      {
         "key":"reason_lockdown",
         "dataKey": "reason",         
         "type":"list",
         "items":[
            {
               "code":"reason_lockdown.travail"
            },
            {
               "code":"reason_lockdown.sante"
            },
            {
               "code":"reason_lockdown.famille"
            },
            {
	            "code":"reason_lockdown.convocation_demarches"
            },
            {
	            "code":"reason_lockdown.demenagement"
            },
            {
	            "code":"reason_lockdown.transit"
            },
            {
	            "code":"reason_lockdown.achats_culte_culturel"
            },
            {
	            "code":"reason_lockdown.sport"
            }
         ]
      }
   ]
]
